Loan_ID,Gender,Married,Dependents,Education,Self_Employed,ApplicantIncome,CoapplicantIncome,LoanAmount,Loan_Amount_Term,Credit_History,Property_Area,Loan_Status
LP001002,Male,No,0,Graduate,No,5849,0,128,360,1,Urban,Y
LP001003,Male,Yes,1,Graduate,No,4583,1508,128,360,1,Rural,N
LP001005,Male,Yes,0,Graduate,Yes,3000,0,66,360,1,Urban,Y
LP001006,Male,Yes,0,Not Graduate,No,2583,2358,120,360,1,Urban,Y
LP001008,Male,No,0,Graduate,No,6000,0,141,360,1,Urban,Y
LP001011,Male,Yes,2,Graduate,Yes,5417,4196,267,360,1,Urban,Y
LP001013,Male,Yes,0,Not Graduate,No,2333,1516,95,360,1,Urban,Y
LP001014,Male,Yes,3+,Graduate,No,3036,2504,158,360,0,Rural,N
LP001018,Male,Yes,2,Graduate,No,4006,1526,168,360,1,Urban,Y
LP001020,Male,Yes,1,Graduate,No,12841,10968,349,360,1,Semiurban,Y
LP001022,Female,No,0,Graduate,No,3200,0,100,360,1,Rural,N
LP001023,Male,No,1,Not Graduate,No,2500,1200,90,360,0,Urban,N
LP001025,Female,Yes,0,Graduate,Yes,4500,1500,140,360,1,Semiurban,Y
LP001028,Male,Yes,2,Graduate,No,5800,1800,200,360,1,Urban,Y
LP001030,Female,No,0,Not Graduate,No,2700,0,85,360,1,Rural,N
