gender,race/ethnicity,parental level of education,lunch,test preparation course,math score,reading score,writing score
female,group B,bachelor's degree,standard,none,72,72,74
female,group C,some college,standard,completed,69,90,88
female,group B,master's degree,standard,none,90,95,93
male,group A,associate's degree,free/reduced,none,47,57,44
male,group C,some college,standard,none,76,78,75
female,group B,associate's degree,standard,none,71,83,78
female,group B,some college,standard,completed,88,95,92
male,group B,some college,standard,none,40,43,39
male,group D,high school,free/reduced,completed,64,64,67
female,group B,high school,standard,none,38,60,50
male,group C,associate's degree,standard,none,58,54,52
female,group D,bachelor's degree,free/reduced,none,40,65,60
male,group B,high school,free/reduced,completed,58,63,59
female,group C,some college,standard,completed,65,86,82
male,group E,associate's degree,standard,none,88,89,86
female,group C,some college,standard,none,62,70,65
male,group D,associate's degree,standard,completed,55,59,60
female,group B,high school,free/reduced,none,35,72,66
male,group C,some college,standard,none,74,77,70
female,group D,bachelor's degree,standard,completed,88,99,95
